{"RBC": [[-2.3134838709677368, 259.1625], [-3.3907741935483813, 174.45535714285717], [148.8662580645161, 175.71964285714287], [148.8662580645161, 260.84821428571433]], "WBC": [[261.62264516129034, 259.1625], [149.58445161290322, 260.84821428571433], [148.8662580645161, 175.71964285714287], [168.61658064516126, 189.20535714285717], [218.17193548387095, 176.98392857142858], [210.98999999999998, 151.27678571428572], [261.62264516129034, 149.59107142857144]], "PLT": [[33.955290322580645, 13.469642857142862], [35.032580645161296, 58.562500000000014], [126.60225806451612, 145.7982142857143], [128.39774193548385, 14.312500000000004]], "immaturePLT": [[199.49890322580646, 58.562500000000014], [210.6309032258064, 151.27678571428572], [218.89012903225805, 176.5625], [168.9756774193548, 189.20535714285717], [148.8662580645161, 175.71964285714287], [126.60225806451612, 146.21964285714287], [128.39774193548385, 29.062500000000004]]}