{"RBC": [[-4.10896774193548, 16.925446428571433], [18.87322580645162, 52.16473214285715], [59.45116129032258, 54.42366071428572], [68.06948387096773, 259.9861607142857], [-2.3134838709677368, 260.8897321428571]], "RET": [[60.52845161290323, 74.30223214285714], [259.46806451612906, 122.19151785714286], [259.8271612903226, 259.9861607142857], [68.4285806451613, 259.9861607142857]], "PLT": [[-3.749870967741927, -4.308482142857137], [-4.10896774193548, 16.473660714285714], [19.232322580645167, 52.16473214285715], [59.45116129032258, 53.971875], [259.8271612903226, 115.41473214285713], [259.8271612903226, -5.212053571428562]]}