{"LYMPH": [[6.641548387096776, 26.41294642857143], [100.71070967741937, 47.19508928571429], [99.99535483870969, 260.4379464285714], [-4.088774193548389, 259.53437499999995]], "MONO": [[167.95406451612905, 259.0825892857143], [157.9390967741936, 137.55223214285712], [127.17883870967745, 63.911160714285714], [100.71070967741937, 47.19508928571429], [99.99535483870969, 259.9861607142857]], "IG": [[238.4165161290323, 258.63080357142854], [247.35845161290325, 91.4700892857143], [127.17883870967745, 63.459374999999994], [158.29677419354843, 136.196875], [168.3117419354839, 259.53437499999995]], "NEUTBASO": [[71.73883870967742, 25.057589285714286], [110.72567741935487, 15.570089285714289], [160.08516129032262, 30.479017857142864], [189.05703225806454, 54.875446428571436], [219.45961290322583, 59.393303571428575], [218.02890322580652, 84.24151785714287], [127.89419354838714, 63.00758928571429], [101.06838709677422, 46.291517857142864], [41.69393548387098, 33.64151785714286]], "EO": [[226.61316129032264, 27.768303571428575], [189.05703225806454, 21.443303571428572], [172.9615483870968, 20.991517857142867], [159.72748387096777, 30.479017857142864], [189.05703225806454, 54.875446428571436], [219.101935483871, 59.393303571428575], [250.93522580645168, 60.74866071428572], [258.4464516129033, 25.057589285714286]]}