{"WBC": [[108.64741935483869, 131.30133928571433], [104.33825806451611, 99.02991071428575], [124.44767741935482, 43.00312500000001], [181.54406451612903, 57.79419642857144], [259.1089677419355, 61.37991071428573], [258.7498709677419, 154.60848214285716]], "BASO": [[109.00651612903224, 130.85312500000003], [258.7498709677419, 154.1602678571429], [260.90445161290324, 257.69776785714294], [153.53451612903226, 258.1459821428572]], "NRBC": [[55.860193548387095, 257.24955357142863], [63.40122580645161, 120.99241071428573], [109.36561290322581, 129.95669642857143], [153.8936129032258, 257.24955357142863]]}